Activity,time,seconds_elapsed,level,frequency,capabilities,BSSID,SSID
Classroom,1.77566E+18,-0.001,-76,2412,[WPA2-PSK-CCMP-128][RSN-PSK-CCMP-128][ESS][WPS],20:c0:47:28:ff:44,Fios-P5GWR
Classroom,1.77566E+18,-0.001,-82,2412,[WPA2-PSK-CCMP-128][RSN-PSK-CCMP-128][ESS][WPS],20:c0:47:2f:7a:22,Fios-V57TZ
Classroom,1.77566E+18,-0.001,-87,5785,[WPA2-PSK-CCMP-128][RSN-PSK-CCMP-128][ESS][WPS],2a:7e:80:f3:31:c7,(hidden SSID)
Classroom,1.77566E+18,-0.001,-89,2412,[WPA2-PSK-CCMP-128][RSN-PSK-CCMP-128][ESS][WPS],14:59:c0:32:0b:38,0af5eb5f5fc3f784db84d7cc1d0972ba
Classroom,1.77566E+18,-0.001,-67,2437,[WPA2-PSK-CCMP-128][RSN-PSK-CCMP-128][ESS],d4:b9:2f:0b:2c:f7,(hidden SSID)
Classroom,1.77566E+18,-0.001,-68,2437,[WPA2-PSK-CCMP-128][RSN-PSK-CCMP-128][ESS][WPS],d4:b9:2f:0b:2c:f4,Dahouse
Classroom,1.77566E+18,-0.001,-81,5260,[ESS],fa:8f:ca:6c:db:fb,(hidden SSID)
Classroom,1.77566E+18,-0.001,-89,2422,[WPA2-PSK-CCMP-128][RSN-PSK-CCMP-128][ESS][WPS],6c:cd:d6:fc:19:fb,NETGEAR75
Classroom,1.77566E+18,-0.001,-89,2412,[WPA2-PSK-CCMP-128][RSN-PSK+SAE-CCMP-128][ESS][MFPC],94:f7:be:2f:12:ba,TMOBILE-12B8
Classroom,1.77566E+18,-0.001,-80,2412,[WPA2-PSK-CCMP-128][RSN-PSK-CCMP-128][ESS],22:48:6c:50:fc:b0,(hidden SSID)
Classroom,1.77566E+18,-0.001,-84,2462,[WPA2-PSK-CCMP-128][RSN-PSK-CCMP-128][ESS][WPS],34:19:4d:2e:f3:c2,Verizon_KFG7J4
Classroom,1.77566E+18,-0.001,-84,2412,[WPA2-PSK-CCMP-128][RSN-PSK-CCMP-128][ESS][WPS],b8:82:f2:47:6c:c5,Verizon_PYLS9Y
Classroom,1.77566E+18,-0.001,-68,2437,[WPA2-EAP/SHA1-CCMP-128][RSN-EAP/SHA1-CCMP-128][WPA-EAP/SHA1-CCMP-128][ESS],d4:b9:2f:0b:2c:f9,(hidden SSID)
Classroom,1.77566E+18,-0.001,-64,5785,[WPA2-PSK-CCMP-128][RSN-PSK-CCMP-128][ESS],d4:b9:2f:0b:2d:02,(hidden SSID)
Classroom,1.77566E+18,-0.001,-68,5785,[WPA2-EAP/SHA1-CCMP-128][RSN-EAP/SHA1-CCMP-128][WPA-EAP/SHA1-CCMP-128][ESS],d4:b9:2f:0b:2d:01,(hidden SSID)
Classroom,1.77566E+18,-0.001,-82,2462,[WPA2-PSK-CCMP-128][RSN-PSK-CCMP-128][ESS][WPS],48:5d:36:b7:31:62,FiOS-0IEPE
Classroom,1.77566E+18,-0.001,-87,5785,[WPA2-EAP/SHA1-CCMP-128][RSN-EAP/SHA1-CCMP-128][ESS],d4:b9:2f:0b:2d:00,Xfinity Mobile
Classroom,1.77566E+18,-0.001,-64,5785,[ESS],d4:b9:2f:0b:2c:fe,xfinitywifi
Classroom,1.77566E+18,-0.001,-69,5785,[WPA2-PSK-CCMP-128][RSN-PSK-CCMP-128][ESS][WPS],d4:b9:2f:0b:2c:fc,Dahouse
Classroom,1.77566E+18,-0.001,-67,2437,[WPA2-PSK-CCMP-128][RSN-PSK-CCMP-128][ESS],d4:b9:2f:0b:2c:fa,(hidden SSID)
Classroom,1.77566E+18,40.01,-81,5220,[WPA2-EAP/SHA1-CCMP-128][RSN-EAP/SHA1-CCMP-128][ESS],b6:db:48:83:7d:4f,(hidden SSID)
Classroom,1.77566E+18,40.01,-77,2437,[WPA2-PSK-CCMP-128][RSN-PSK-CCMP-128][ESS],cc:f4:11:7b:93:99,GNestJatin
Classroom,1.77566E+18,40.01,-77,2437,[WPA2-PSK-CCMP-128][RSN-PSK-CCMP-128][ESS][WPS],84:90:0a:a8:3b:de,Verizon_XN3TJ9
Classroom,1.77566E+18,40.01,-71,5180,[WPA2-PSK-CCMP-128][RSN-PSK-CCMP-128][ESS][WPS],3c:bd:c5:13:3b:4c,Fios-tBK6K
Classroom,1.77566E+18,40.01,-87,5260,[WPA2-PSK-CCMP-128][RSN-PSK-CCMP-128][ESS][WPS],84:90:0a:a8:3b:df,Verizon_XN3TJ9
Classroom,1.77566E+18,40.01,-81,2437,[WPA2-PSK-CCMP-128][RSN-PSK-CCMP-128][ESS],b0:2a:43:df:87:aa,Millennium Falcon
Classroom,1.77566E+18,40.01,-82,2437,[WPA2-PSK-CCMP-128][RSN-PSK-CCMP-128][ESS][WPS],3c:bd:c5:13:3b:4a,Fios-tBK6K
Classroom,1.77566E+18,40.01,-71,5805,[WPA2-PSK-CCMP-128][RSN-PSK-CCMP-128][ESS][WPS],3c:bd:c5:13:3b:4b,Fios-tBK6K
Classroom,1.77566E+18,40.01,-88,2412,[WPA2-PSK-CCMP-128][RSN-PSK-CCMP-128][ESS][WPS],d4:5d:df:81:48:68,Meyer's Wifi
Classroom,1.77566E+18,40.01,-81,5745,[WPA2-PSK-CCMP-128][RSN-PSK-CCMP-128][ESS],58:cb:52:ea:20:5e,Millennium Falcon
Classroom,1.77566E+18,40.01,-71,5745,[WPA2-PSK-CCMP-128][RSN-PSK-CCMP-128][ESS],cc:f4:11:7b:93:95,GNestJatin
Classroom,1.77566E+18,40.01,-87,5220,[WPA2-EAP/SHA1-CCMP-128][RSN-EAP/SHA1-CCMP-128][ESS],9a:9d:5d:dc:24:6b,(hidden SSID)
Classroom,1.77566E+18,40.01,-75,2437,[WPA2-PSK-CCMP-128][RSN-PSK-CCMP-128][ESS],00:ab:48:16:d3:85,eero
Classroom,1.77566E+18,40.01,-87,5240,[WPA2-PSK-CCMP-128][RSN-PSK-CCMP-128][ESS],8a:90:bc:ff:a4:8b,(hidden SSID)
Classroom,1.77566E+18,40.01,-81,5240,[WPA2-PSK-CCMP-128][RSN-PSK-CCMP-128][ESS][WPS],8a:90:bc:ff:a4:8c,Fios-9ZYjH
Classroom,1.77566E+18,40.01,-86,2412,[WPA2-PSK-CCMP-128][RSN-PSK-CCMP-128][ESS][WPS],a8:70:5d:ac:c7:d0,203wifi
Classroom,1.77566E+18,40.01,-71,5180,[WPA2-PSK-CCMP-128][RSN-PSK-CCMP-128][ESS],92:bd:c5:13:3b:4e,(hidden SSID)
Classroom,1.77566E+18,40.01,-81,2422,[WPA2-PSK-CCMP-128][RSN-PSK-CCMP-128][ESS][WPS],f0:09:0d:48:68:ca,Funky Town II
Classroom,1.77566E+18,40.01,-89,2412,[WPA2-PSK-CCMP-128][RSN-PSK-CCMP-128][ESS][WPS],24:41:fe:72:df:8f,Verizon_B7FTGL
Classroom,1.77566E+18,40.01,-82,2422,[WPA2-PSK-CCMP-128][RSN-PSK-CCMP-128][ESS],10:2c:b1:f3:6b:ab,(hidden SSID)
Classroom,1.77566E+18,40.01,-87,2412,[WPA2-PSK-CCMP-128][RSN-PSK-CCMP-128][ESS],40:ed:00:d6:79:94,Verizon_B7FTGL_EXT
Classroom,1.77566E+18,40.01,-81,5220,[ESS],aa:db:48:83:7d:4f,xfinitywifi
Classroom,1.77566E+18,40.01,-75,2412,[WPA2-PSK-CCMP-128][RSN-PSK-CCMP-128][ESS][WPS],ac:91:9b:ba:99:ee,Verizon_Y7V6KW
Classroom,1.77566E+18,40.01,-81,5805,[WPA-EAP/SHA1-CCMP-128+TKIP][WPA2-EAP/SHA1-CCMP-128+TKIP][RSN-EAP/SHA1-CCMP-128+TKIP][ESS],de:5d:df:81:48:70,(hidden SSID)
Classroom,1.77566E+18,40.01,-76,2457,[WPA2-PSK-CCMP-128][RSN-PSK-CCMP-128][WPA-PSK-CCMP-128][ESS],74:da:88:fe:b5:1b,The Central Plexus
Classroom,1.77566E+18,40.01,-81,5805,[WPA2-PSK-CCMP-128][RSN-PSK-CCMP-128][ESS][WPS],d4:5d:df:81:48:70,Meyer's Wifi
Classroom,1.77566E+18,40.01,-81,5220,[WPA2-PSK-CCMP-128][RSN-PSK-CCMP-128][ESS],ae:db:48:83:7d:4f,(hidden SSID)
Classroom,1.77566E+18,40.01,-88,2412,[WPA2-EAP/SHA1-CCMP-128][RSN-EAP/SHA1-CCMP-128][ESS],b6:70:5d:ac:c7:d0,(hidden SSID)
Classroom,1.77566E+18,40.01,-71,5805,[WPA2-PSK-CCMP-128][RSN-PSK-CCMP-128][ESS],8a:bd:c5:13:3b:4c,(hidden SSID)
Classroom,1.77566E+18,40.01,-81,5260,[WPA2-PSK-CCMP-128][RSN-PSK-CCMP-128][ESS],8a:90:0a:a8:3b:df,(hidden SSID)
Classroom,1.77566E+18,40.01,-81,5805,[ESS],e6:5d:df:81:48:70,xfinitywifi
Classroom,1.77566E+18,40.01,-71,2462,[WPA2-PSK-CCMP-128][RSN-PSK-CCMP-128][ESS][WPS],34:19:4d:2f:a4:b3,Fios-7HF9x
Classroom,1.77566E+18,40.01,-87,2412,[WPA2-PSK-CCMP-128][RSN-PSK-CCMP-128][ESS][WPS],78:67:0e:e9:14:77,Verizon_FCCNH7
Classroom,1.77566E+18,40.01,-81,5805,[WPA-PSK-CCMP-128+TKIP][WPA2-PSK-CCMP-128+TKIP][RSN-PSK-CCMP-128+TKIP][ESS],da:5d:df:81:48:70,(hidden SSID)
Classroom,1.77566E+18,40.01,-87,5220,[ESS],9a:9d:5d:dc:24:68,xfinitywifi
Classroom,1.77566E+18,40.01,-88,2437,[WPA2-EAP/SHA1-CCMP-128][RSN-EAP/SHA1-CCMP-128][ESS],82:da:c2:82:cb:7e,(hidden SSID)
Classroom,1.77566E+18,40.01,-80,2437,[WPA2-PSK-CCMP-128][RSN-PSK-CCMP-128][ESS][WPS],74:90:bc:ff:a4:88,Fios-9ZYjH
Classroom,1.77566E+18,40.01,-89,2412,[WPA2-PSK-CCMP-128][RSN-PSK-CCMP-128][ESS],ae:70:5d:ac:c7:d0,(hidden SSID)
Classroom,1.77566E+18,40.01,-88,2437,[WPA2-PSK-CCMP-128][RSN-PSK-CCMP-128][ESS],82:da:c2:82:cb:7f,(hidden SSID)
Classroom,1.77566E+18,40.01,-86,2412,[WPA2-PSK-CCMP-128][RSN-PSK-CCMP-128][ESS][WPS],20:58:43:3d:ac:32,Verizon_6P4WWM
Classroom,1.77566E+18,40.01,-79,2462,[WPA2-PSK-CCMP-128][RSN-PSK-CCMP-128][ESS],58:cb:52:ea:20:62,Millennium Falcon
Classroom,1.77566E+18,80.01,-81,5220,[WPA2-PSK-CCMP-128][RSN-PSK-CCMP-128][ESS],9a:9d:5d:dc:24:6c,(hidden SSID)
Classroom,1.77566E+18,80.01,-71,5220,[WPA2-PSK-CCMP-128][RSN-PSK-CCMP-128][ESS],0e:fe:7b:be:a4:c6,CBCI-CC14
Classroom,1.77566E+18,80.01,-84,2437,[WPA2-PSK-CCMP-128][RSN-PSK-CCMP-128][ESS],cc:f4:11:7b:93:99,GNestJatin
Classroom,1.77566E+18,80.01,-86,2437,[WPA2-PSK-CCMP-128][RSN-PSK-CCMP-128][ESS][WPS],84:90:0a:a8:3b:de,Verizon_XN3TJ9
Classroom,1.77566E+18,80.01,-81,5220,[WPA2-PSK-CCMP-128][RSN-PSK-CCMP-128][ESS][WPS],9a:9d:5d:dc:24:6e,mothership
Classroom,1.77566E+18,80.01,-81,5200,[WPA2-PSK-CCMP-128][RSN-PSK-CCMP-128][ESS],8a:f8:53:e2:29:ee,(hidden SSID)
Classroom,1.77566E+18,80.01,-73,5220,[WPA2-EAP/SHA1-CCMP-128][RSN-EAP/SHA1-CCMP-128][ESS],0e:fe:7b:be:a4:c3,(hidden SSID)
Classroom,1.77566E+18,80.01,-86,2437,[WPA2-PSK-CCMP-128][RSN-PSK-CCMP-128][ESS][WPS],3c:bd:c5:13:3b:4a,Fios-tBK6K
Classroom,1.77566E+18,80.01,-89,2462,[WPA2-PSK-CCMP-128][RSN-PSK-CCMP-128][ESS],5c:62:8b:a7:4e:c8,counterpoint
Classroom,1.77566E+18,80.01,-61,5745,[ESS],28:7a:ee:85:40:5b,xfinitywifi
Classroom,1.77566E+18,80.01,-80,2412,[WPA2-PSK-CCMP-128][RSN-PSK-CCMP-128][ESS][WPS],00:71:c2:80:ef:10,CBCI-9321-2.4
Classroom,1.77566E+18,80.01,-87,5220,[WPA2-PSK-CCMP-128][RSN-PSK-CCMP-128][ESS],de:cb:ac:34:bd:90,(hidden SSID)
Classroom,1.77566E+18,80.01,-61,5745,[WPA2-EAP/SHA1-CCMP-128][RSN-EAP/SHA1-CCMP-128][ESS],28:7a:ee:85:40:5a,Xfinity Mobile
Classroom,1.77566E+18,80.01,-81,5765,[WPA2-PSK-CCMP-128][RSN-PSK-CCMP-128][ESS][WPS],10:05:01:fd:6a:40,Baron11
Classroom,1.77566E+18,80.01,-81,5220,[WPA2-EAP/SHA1-CCMP-128][RSN-EAP/SHA1-CCMP-128][ESS],9a:9d:5d:dc:24:6b,(hidden SSID)
Classroom,1.77566E+18,80.01,-81,5220,[WPA2-PSK-CCMP-128][RSN-PSK-CCMP-128][ESS],ba:a5:35:72:60:b2,CBCI-60AC
Classroom,1.77566E+18,80.01,-65,2412,[WPA2-PSK-CCMP-128][RSN-PSK-CCMP-128][ESS],0e:fe:7b:b7:a4:c6,(hidden SSID)
Classroom,1.77566E+18,80.01,-88,2462,[WPA2-EAP/SHA1-CCMP-128][RSN-EAP/SHA1-CCMP-128][ESS],9a:9d:5d:d5:24:6a,(hidden SSID)
Classroom,1.77566E+18,80.01,-87,5220,[WPA2-PSK-CCMP-128][RSN-PSK+SAE-CCMP-128][ESS][WPS][MFPC],ba:5e:71:01:26:a2,Jennifer_WiFi
Classroom,1.77566E+18,80.01,-65,2412,[WPA2-PSK-CCMP-128][RSN-PSK-CCMP-128][ESS],0e:fe:7b:b7:a4:c5,CBCI-CC14
Classroom,1.77566E+18,80.01,-65,2412,[WPA2-EAP/SHA1-CCMP-128][RSN-EAP/SHA1-CCMP-128][ESS],0e:fe:7b:b7:a4:c2,(hidden SSID)
Classroom,1.77566E+18,80.01,-65,2412,[WPA2-PSK-CCMP-128][RSN-PSK-CCMP-128][ESS],0e:fe:7b:b7:a4:c0,(hidden SSID)
Classroom,1.77566E+18,80.01,-88,2462,[WPA-PSK-CCMP-128+TKIP][WPA2-PSK-CCMP-128+TKIP][RSN-PSK-CCMP-128+TKIP][ESS][WPS],54:b2:03:ae:0d:08,CBCI-94C7-2.4
Classroom,1.77566E+18,80.01,-87,5785,[WPA2-PSK-CCMP-128][RSN-PSK-CCMP-128][ESS],82:f8:53:e2:29:ec,(hidden SSID)
Classroom,1.77566E+18,80.01,-85,2462,[WPA2-PSK-CCMP-128][RSN-PSK-CCMP-128][ESS][WPS],5c:60:ba:e5:55:01,DIRECT-00-HP OfficeJet Pro 6970
Classroom,1.77566E+18,80.01,-84,2412,[WPA2-PSK-CCMP-128][RSN-PSK-CCMP-128][ESS][MFPC],fc:22:1c:d0:08:d6,Ollie-2.4G_EXT
Classroom,1.77566E+18,80.01,-67,5240,[WPA2-PSK-CCMP-128][RSN-PSK-CCMP-128][ESS][WPS],3c:bd:c5:4c:7b:60,Fios-YV3jp
Classroom,1.77566E+18,80.01,-87,5220,[WPA2-PSK-GCMP-256+CCMP-128][RSN-PSK+SAE+SAE_EXT_KEY-GCMP-256+CCMP-128][ESS][MFPC],66:67:72:b5:98:fb,Laurakate305
Classroom,1.77566E+18,80.01,-84,2422,[WPA2-PSK-CCMP-128][RSN-PSK-CCMP-128][ESS],10:2c:b1:f3:6b:ab,(hidden SSID)
Classroom,1.77566E+18,80.01,-87,5220,[ESS],66:67:72:b5:98:fd,xfinitywifi
Classroom,1.77566E+18,80.01,-87,5765,[WPA-PSK-CCMP-128+TKIP][WPA2-PSK-CCMP-128+TKIP][RSN-PSK-CCMP-128+TKIP][ESS],16:05:01:fd:6a:40,(hidden SSID)
Classroom,1.77566E+18,80.01,-73,5765,[ESS],0a:71:c2:83:f3:68,xfinitywifi
Classroom,1.77566E+18,80.01,-84,2412,[WPA2-EAP/SHA1-CCMP-128][RSN-EAP/SHA1-CCMP-128][WPA-EAP/SHA1-CCMP-128][ESS],54:a6:5c:b0:82:99,(hidden SSID)
Classroom,1.77566E+18,80.01,-84,2412,[WPA2-PSK-CCMP-128][RSN-PSK-CCMP-128][ESS],54:a6:5c:b0:82:97,(hidden SSID)
Classroom,1.77566E+18,80.01,-87,5220,[WPA2-EAP/SHA1-CCMP-128][RSN-EAP/SHA1-CCMP-128][ESS],ba:5e:71:01:26:a7,(hidden SSID)
Classroom,1.77566E+18,80.01,-81,2462,[WPA2-PSK-CCMP-128][RSN-PSK-CCMP-128][ESS][WPS],3c:bd:c5:4c:7b:5e,Fios-YV3jp
Classroom,1.77566E+18,80.01,-81,5220,[ESS],ba:5e:71:01:26:a4,xfinitywifi
Classroom,1.77566E+18,80.01,-82,2412,[WPA2-PSK-CCMP-128][RSN-PSK-CCMP-128][ESS][WPS],2a:03:eb:7b:6a:e7,myChevrolet2243
Classroom,1.77566E+18,80.01,-89,2412,[ESS][WPS],94:18:65:54:29:df,NETGEAR_EXT
Classroom,1.77566E+18,80.01,-81,5220,[ESS],ba:a5:35:72:60:b4,xfinitywifi
Classroom,1.77566E+18,80.01,-88,2437,[ESS],2a:05:01:fd:6a:38,(hidden SSID)
Classroom,1.77566E+18,80.01,-81,5220,[ESS],9a:9d:5d:dc:24:68,xfinitywifi
Classroom,1.77566E+18,80.01,-84,2462,[WPA2-PSK-CCMP-128][RSN-PSK-CCMP-128][ESS],ba:a5:35:6b:60:b1,CBCI-60AC
Classroom,1.77566E+18,80.01,-82,2437,[WPA2-PSK-CCMP-128][RSN-PSK+SAE-CCMP-128][ESS][MFPC],66:67:72:ae:98:fa,Laurakate305
Classroom,1.77566E+18,80.01,-84,2437,[WPA2-PSK-CCMP-128][RSN-PSK-CCMP-128][ESS][WPS],10:05:01:fd:6a:38,Baron11
Classroom,1.77566E+18,80.01,-81,5200,[WPA2-PSK-CCMP-128][RSN-PSK-CCMP-128][ESS][WPS],b8:f8:53:e2:29:ec,LouderThanBombs
Classroom,1.77566E+18,80.01,-81,5745,[WPA2-PSK-CCMP-128][RSN-PSK-CCMP-128][ESS][WPS],2a:07:eb:7b:6a:e7,myChevrolet2243
Classroom,1.77566E+18,120.0119998,-77,5785,[WPA2-EAP/SHA1-CCMP-128][RSN-EAP/SHA1-CCMP-128][ESS],fa:d0:0e:0b:4a:73,(hidden SSID)
Classroom,1.77566E+18,120.0119998,-77,5785,[ESS],fa:d0:0e:0b:4a:70,xfinitywifi
Classroom,1.77566E+18,120.0119998,-88,2412,[WPA2-EAP/SHA1-CCMP-128][RSN-EAP/SHA1-CCMP-128][ESS],82:da:c2:79:d4:ce,(hidden SSID)
Classroom,1.77566E+18,120.0119998,-88,2412,[WPA2-PSK-CCMP-128][RSN-PSK-CCMP-128][ESS],82:da:c2:79:d4:cf,(hidden SSID)
Classroom,1.77566E+18,120.0119998,-78,2412,[WPA2-PSK-CCMP-128][RSN-PSK+SAE-CCMP-128][ESS][WPS][MFPC],c6:50:9c:51:1c:09,Ridge
Classroom,1.77566E+18,120.0119998,-88,2412,[WPA2-PSK-CCMP-128][RSN-PSK-CCMP-128][ESS][WPS],0e:d6:0e:64:e0:b7,DIRECT-roku-MLN-8C3907
Classroom,1.77566E+18,120.0119998,-77,5785,[WPA2-PSK-CCMP-128][RSN-PSK+SAE-CCMP-128][ESS][WPS][MFPC],fa:d0:0e:0b:4a:76,Hughes40
Classroom,1.77566E+18,120.0119998,-78,2412,[WPA2-EAP/SHA1-CCMP-128][RSN-EAP/SHA1-CCMP-128][ESS],fa:d0:0e:04:4a:72,(hidden SSID)
Classroom,1.77566E+18,120.0119998,-88,2412,[WPA2-PSK-CCMP-128][RSN-PSK+SAE-CCMP-128][ESS][WPS][MFPC],82:da:c2:79:d4:c9,Gunslinger
Classroom,1.77566E+18,120.0119998,-80,2412,[WPA2-PSK-CCMP-128][RSN-PSK+SAE-CCMP-128][ESS][WPS][MFPC],fa:d0:0e:04:4a:75,Hughes40
Classroom,1.77566E+18,120.0119998,-65,2462,[WPA2-PSK-CCMP-128][RSN-PSK-CCMP-128][ESS][WPS],b0:7f:b9:52:18:28,Fios-GEK5Z_2GEXT
Classroom,1.77566E+18,120.0119998,-87,5785,[WPA2-PSK-CCMP-128][RSN-PSK-CCMP-128][ESS][WPS],fa:5e:42:c5:78:b8,Moorehouse1
Classroom,1.77566E+18,120.0119998,-77,5660,[WPA2-PSK-CCMP-128][RSN-PSK-CCMP-128][ESS][WPS],04:a2:22:b2:e9:0c,Fios-LxM3L
Classroom,1.77566E+18,120.0119998,-85,2412,[WPA2-PSK-CCMP-128][RSN-PSK-CCMP-128][ESS][WPS],58:96:71:7e:a9:38,Verizon_FFN3KT
Classroom,1.77566E+18,120.0119998,-77,5765,[WPA2-PSK-CCMP-128][RSN-PSK-CCMP-128][ESS][WPS],58:96:71:7e:a9:39,Verizon_FFN3KT
Classroom,1.77566E+18,120.0119998,-75,2462,[WPA2-PSK-CCMP-128][RSN-PSK-CCMP-128][ESS][WPS],24:41:fe:51:6a:8b,Verizon_TZ3L7W
Classroom,1.77566E+18,120.0119998,-80,2437,[WPA2-PSK-CCMP-128][RSN-PSK-CCMP-128][ESS],ec:9a:74:96:19:1d,HP-Print-1D-Officejet Pro 8600
Classroom,1.77566E+18,120.0119998,-81,5680,[WPA2-PSK-CCMP-128][RSN-PSK-CCMP-128][ESS][WPS],24:41:fe:51:6a:8c,Verizon_TZ3L7W
Classroom,1.77566E+18,120.0119998,-77,2462,[WPA2-PSK-CCMP-128][RSN-PSK-CCMP-128][ESS][WPS],58:96:71:28:09:92,Verizon_3JFZ6Y
Classroom,1.77566E+18,120.0119998,-88,2412,[WPA2-PSK-CCMP-128][RSN-PSK-CCMP-128][ESS],8c:88:26:c1:12:b0,HOME-8C82_Ext
Classroom,1.77566E+18,120.0119998,-77,5660,[WPA2-PSK-CCMP-128][RSN-PSK-CCMP-128][ESS],8a:a2:22:b2:e9:0d,(hidden SSID)
Classroom,1.77566E+18,120.0119998,-77,5765,[WPA2-PSK-CCMP-128][RSN-PSK-CCMP-128][ESS],5e:96:71:7e:a9:39,(hidden SSID)
Classroom,1.77566E+18,120.0119998,-75,5785,[WPA2-EAP/SHA1-CCMP-128][RSN-EAP/SHA1-CCMP-128][ESS],c6:50:9c:58:1c:0f,(hidden SSID)
Classroom,1.77566E+18,120.0119998,-75,5785,[ESS],c6:50:9c:58:1c:0c,xfinitywifi
Classroom,1.77566E+18,120.0119998,-78,2412,[WPA2-EAP/SHA1-CCMP-128][RSN-EAP/SHA1-CCMP-128][ESS],c6:50:9c:51:1c:0e,(hidden SSID)
Classroom,1.77566E+18,120.0119998,-81,5680,[WPA2-PSK-CCMP-128][RSN-PSK-CCMP-128][ESS],2a:41:fe:51:6a:8c,(hidden SSID)
Classroom,1.77566E+18,120.0119998,-75,5785,[WPA2-PSK-CCMP-128][RSN-PSK+SAE-CCMP-128][ESS][WPS][MFPC],c6:50:9c:58:1c:0a,Ridge
Classroom,1.77566E+18,120.0119998,-71,5240,[WPA2-PSK-CCMP-128][RSN-PSK-CCMP-128][ESS],92:a2:22:b2:e9:0f,(hidden SSID)
Classroom,1.77566E+18,160.0119998,-87,2412,[WPA2-PSK-CCMP-128][RSN-PSK-CCMP-128][ESS],22:9f:c3:57:8a:6e,(hidden SSID)
Classroom,1.77566E+18,160.0119998,-88,2412,[WPA2-EAP/SHA1-CCMP-128][RSN-EAP/SHA1-CCMP-128][WPA-EAP/SHA1-CCMP-128][ESS],dc:eb:69:04:50:55,(hidden SSID)
Classroom,1.77566E+18,160.0119998,-88,2412,[WPA2-PSK-CCMP-128][RSN-PSK-CCMP-128][ESS],dc:eb:69:04:50:56,(hidden SSID)
Classroom,1.77566E+18,160.0119998,-73,5805,[WPA2-PSK-CCMP-128][RSN-PSK-CCMP-128][ESS][WPS],b8:f8:53:54:46:44,Fios-5T8Rx
Classroom,1.77566E+18,160.0119998,-73,2437,[WPA2-PSK-CCMP-128][RSN-PSK-CCMP-128][ESS][WPS],04:a2:22:bd:af:23,Fios-v7AUv
Classroom,1.77566E+18,160.0119998,-75,5785,[ESS],dc:eb:69:04:50:5a,xfinitywifi
Classroom,1.77566E+18,160.0119998,-77,5785,[WPA2-PSK-CCMP-128][RSN-PSK-CCMP-128][ESS],dc:eb:69:04:50:5b,(hidden SSID)
Classroom,1.77566E+18,160.0119998,-81,2412,[WPA2-PSK-CCMP-128][RSN-PSK-CCMP-128][ESS][WPS],bc:98:df:f4:d6:7e,GodsGlory
Classroom,1.77566E+18,160.0119998,-77,5785,[WPA2-PSK-CCMP-128][RSN-PSK-CCMP-128][ESS],dc:eb:69:04:50:5e,(hidden SSID)
Classroom,1.77566E+18,160.0119998,-78,2437,[WPA2-PSK-CCMP-128][RSN-PSK-CCMP-128][ESS][WPS],78:67:0e:49:53:6d,Verizon_YP43YF
Classroom,1.77566E+18,160.0119998,-82,2412,[WPA2-PSK-CCMP-128][RSN-PSK-CCMP-128][ESS][WPS],24:41:fe:51:4d:1f,Lee Family House 
Classroom,1.77566E+18,160.0119998,-88,2462,[WPA-PSK-CCMP-128+TKIP][WPA2-PSK-CCMP-128+TKIP][RSN-PSK-CCMP-128+TKIP][ESS],de:64:4b:37:35:a7,(hidden SSID)
Classroom,1.77566E+18,160.0119998,-88,2452,[WPA2-PSK-CCMP-128+TKIP][RSN-PSK-CCMP-128+TKIP][WPA-PSK-CCMP-128+TKIP][ESS],00:54:af:3d:f9:05,HotspotF905
Classroom,1.77566E+18,160.0119998,-88,2462,[WPA-PSK-CCMP-128+TKIP][WPA2-PSK-CCMP-128+TKIP][RSN-PSK-CCMP-128+TKIP][ESS][WPS],bc:64:4b:37:35:a7,btaing01
Classroom,1.77566E+18,160.0119998,-89,2462,[WPA2-PSK-CCMP-128][RSN-PSK-CCMP-128][ESS][WPS],94:a6:7e:2e:36:23,TeamHudson_2GEXT
Classroom,1.77566E+18,160.0119998,-70,5745,[WPA-PSK-CCMP-128+TKIP][WPA2-PSK-CCMP-128+TKIP][RSN-PSK-CCMP-128+TKIP][ESS][WPS],bc:64:4b:37:35:a8,btaing01-5G
Classroom,1.77566E+18,160.0119998,-81,5785,[WPA2-PSK-CCMP-128][RSN-PSK-CCMP-128][ESS][WPS],dc:eb:69:04:50:58,Mena28
Classroom,1.77566E+18,160.0119998,-75,2462,[WPA2-PSK-CCMP-128][RSN-PSK-CCMP-128][ESS][WPS],78:67:0e:d3:d3:a5,TeamHudson
Classroom,1.77566E+18,160.0119998,-77,5180,[WPA2-PSK-CCMP-128][RSN-PSK-CCMP-128][ESS],08:b4:b1:ca:b8:82,setupB8860
Classroom,1.77566E+18,160.0119998,-81,2422,[WPA2-PSK-CCMP-128][RSN-PSK-CCMP-128][ESS][MFPC],bc:42:8c:5a:a4:9a,MY-QX806096
Classroom,1.77566E+18,160.0119998,-70,5745,[WPA-EAP/SHA1-CCMP-128+TKIP][WPA2-EAP/SHA1-CCMP-128+TKIP][RSN-EAP/SHA1-CCMP-128+TKIP][ESS],fe:64:4b:37:35:a8,(hidden SSID)
Classroom,1.77566E+18,160.0119998,-77,2462,[WPA2-PSK-CCMP-128][RSN-PSK-CCMP-128][ESS],08:b4:b1:ca:b8:86,setupB8860
Classroom,1.77566E+18,160.0119998,-81,5220,[WPA2-EAP/SHA1-CCMP-128][RSN-EAP/SHA1-CCMP-128][ESS],96:f7:be:94:aa:77,(hidden SSID)
Classroom,1.77566E+18,160.0119998,-73,5805,[WPA2-PSK-CCMP-128][RSN-PSK-CCMP-128][ESS],8a:f8:53:54:46:45,(hidden SSID)
Classroom,1.77566E+18,160.0119998,-77,5220,[WPA2-PSK-GCMP-256+CCMP-128][RSN-PSK+SAE+SAE_EXT_KEY-GCMP-256+CCMP-128][ESS][MFPC],96:f7:be:94:aa:72,The vibes
Classroom,1.77566E+18,160.0119998,-77,5220,[ESS],96:f7:be:94:aa:74,xfinitywifi
Classroom,1.77566E+18,160.0119998,-70,5745,[ESS],ce:64:4b:37:35:a8,xfinitywifi
Classroom,1.77566E+18,200.014,-77,5500,[WPA2-PSK-CCMP-128][RSN-PSK-CCMP-128][ESS],7e:67:0e:76:0f:9a,(hidden SSID)
Classroom,1.77566E+18,200.014,-88,2437,[WPA2-PSK-CCMP-128][RSN-PSK+SAE-CCMP-128][ESS][MFPC],52:bb:9f:90:e3:e9,MORDOR
Classroom,1.77566E+18,200.014,-84,2437,[WPA2-PSK-CCMP-128][RSN-PSK-CCMP-128][ESS][WPS],ac:91:9b:6d:3f:11,Verizon_VGG3F9
Classroom,1.77566E+18,200.014,-69,2422,[WPA2-PSK-CCMP-128][RSN-PSK+SAE-CCMP-128][ESS][MFPC],1a:60:41:7a:55:bb,(hidden SSID)
Classroom,1.77566E+18,200.014,-73,5745,[WPA2-PSK-CCMP-128][RSN-PSK+SAE-CCMP-128][ESS][MFPC],1a:60:41:7a:55:bc,(hidden SSID)
Classroom,1.77566E+18,200.014,-52,5745,[WPA2-PSK-CCMP-128][RSN-PSK+SAE-CCMP-128][ESS][MFPC],cc:b1:48:27:40:c9,Merc_TMOBI
Classroom,1.77566E+18,200.014,-71,2462,[WPA2-PSK-CCMP-128][RSN-PSK-CCMP-128][ESS][WPS],78:67:0e:76:0f:99,Verizon_PWM9SD
Classroom,1.77566E+18,200.014,-73,2422,[WPA2-PSK-CCMP-128][RSN-PSK+SAE-CCMP-128][ESS][MFPC],18:60:41:2a:55:bb,Merc_TMOBI
Classroom,1.77566E+18,200.014,-66,2422,[WPA2-PSK-CCMP-128][RSN-PSK+SAE-CCMP-128][ESS][MFPC],cc:b1:48:27:40:c8,Merc_TMOBI
Classroom,1.77566E+18,200.014,-82,2452,[WPA2-PSK-CCMP-128+TKIP][RSN-PSK-CCMP-128+TKIP][WPA-PSK-CCMP-128+TKIP][ESS],00:54:af:3d:f9:05,HotspotF905
Classroom,1.77566E+18,200.014,-83,2462,[WPA2-PSK-CCMP-128][RSN-PSK-CCMP-128][ESS][WPS][MFPC],a0:04:60:e2:da:14,NTGR_VMB_1496534712
Classroom,1.77566E+18,200.014,-65,2422,[WPA2-PSK-CCMP-128][RSN-PSK+SAE-CCMP-128][ESS][MFPC],ce:b1:48:17:40:c8,(hidden SSID)
Classroom,1.77566E+18,200.014,-75,5500,[WPA2-PSK-CCMP-128][RSN-PSK-CCMP-128][ESS][WPS],78:67:0e:76:0f:9a,Verizon_PWM9SD
Classroom,1.77566E+18,200.014,-65,5745,[WPA2-PSK-CCMP-128][RSN-PSK+SAE-CCMP-128][ESS][MFPC],18:60:41:2a:55:bc,Merc_TMOBI
Classroom,1.77566E+18,200.014,-88,2437,[WPA2-EAP/SHA1-CCMP-128][RSN-EAP/SHA1-CCMP-128][ESS],ba:a5:35:91:66:98,(hidden SSID)
Classroom,1.77566E+18,200.014,-88,2437,[WPA2-PSK-CCMP-128][RSN-PSK+SAE-CCMP-128][ESS][WPS][MFPC],ba:a5:35:91:66:9b,Milesccs
Classroom,1.77566E+18,240.015,-88,2437,[WPA2-PSK-CCMP-128][RSN-PSK+SAE-CCMP-128][ESS][WPS][MFPC],82:da:c2:87:13:59,Evans
Classroom,1.77566E+18,240.015,-81,2462,[WPA2-PSK-CCMP-128][RSN-PSK-CCMP-128][ESS][WPS],78:67:0e:6a:42:24,Verizon_DN4D3P
Classroom,1.77566E+18,240.015,-77,5280,[WPA2-PSK-CCMP-128][RSN-PSK-CCMP-128][ESS][WPS],62:bd:c5:d5:db:33,Verizon_SQ93N6
Classroom,1.77566E+18,240.015,-87,5220,[ESS],4a:12:65:51:a8:59,xfinitywifi
Classroom,1.77566E+18,240.015,-75,5280,[WPA2-PSK-CCMP-128][RSN-PSK-CCMP-128][ESS],62:bd:c5:d5:db:32,(hidden SSID)
Classroom,1.77566E+18,240.015,-81,5745,[WPA-EAP/SHA1-CCMP-128+TKIP][WPA2-EAP/SHA1-CCMP-128+TKIP][RSN-EAP/SHA1-CCMP-128+TKIP][ESS],ce:61:a3:95:78:f7,(hidden SSID)
Classroom,1.77566E+18,240.015,-81,5500,[WPA2-PSK-CCMP-128][RSN-PSK-CCMP-128][ESS][WPS],60:92:d8:c0:42:9a,(hidden SSID)
Classroom,1.77566E+18,240.015,-88,2462,[WPA2-EAP/SHA1-CCMP-128][RSN-EAP/SHA1-CCMP-128][ESS],c6:4f:d5:5d:b9:c6,(hidden SSID)
Classroom,1.77566E+18,240.015,-87,5220,[WPA2-PSK-CCMP-128][RSN-PSK-CCMP-128][ESS],4e:12:65:51:a8:59,(hidden SSID)
Classroom,1.77566E+18,240.015,-88,2462,[WPA2-PSK-CCMP-128][RSN-PSK-CCMP-128][ESS][WPS],c6:4f:d5:5d:b9:c1,4313Wifi
Classroom,1.77566E+18,240.015,-88,2437,[WPA2-PSK-CCMP-128][RSN-PSK-CCMP-128][ESS],1e:9e:cc:51:c8:16,(hidden SSID)
Classroom,1.77566E+18,240.015,-70,2412,[WPA2-PSK-CCMP-128][RSN-PSK-CCMP-128][ESS][WPS],70:54:25:21:60:5e,HOME-905E
Classroom,1.77566E+18,240.015,-87,5220,[WPA2-EAP/SHA1-CCMP-128][RSN-EAP/SHA1-CCMP-128][WPA-EAP/SHA1-CCMP-128][ESS],56:12:65:51:a8:59,(hidden SSID)
Classroom,1.77566E+18,240.015,-81,2437,[WPA2-PSK-CCMP-128][RSN-PSK+SAE-CCMP-128][ESS][MFPC],be:8f:68:ae:d9:57,CHEVROLET5672
Classroom,1.77566E+18,240.015,-81,5785,[WPA2-PSK-CCMP-128][RSN-PSK-CCMP-128][ESS],84:17:ef:7e:8d:7e,(hidden SSID)
Classroom,1.77566E+18,240.015,-81,5785,[WPA2-PSK-CCMP-128][RSN-PSK-CCMP-128][ESS][WPS],84:17:ef:7e:8d:7b,MI CASA DOS
Classroom,1.77566E+18,240.015,-88,2462,[WPA2-EAP/SHA1-CCMP-128][RSN-EAP/SHA1-CCMP-128][WPA-EAP/SHA1-CCMP-128][ESS],56:12:65:51:a8:58,(hidden SSID)
Classroom,1.77566E+18,240.015,-77,5745,[WPA-PSK-TKIP+CCMP-128][WPA2-PSK-TKIP+CCMP-128][RSN-PSK-TKIP+CCMP-128][ESS][WPS],38:80:df:fb:98:8e,Carol225
Classroom,1.77566E+18,240.015,-87,5220,[WPA2-PSK-CCMP-128][RSN-PSK-CCMP-128][ESS][WPS],4c:12:65:51:a8:59,zonyonhome
Classroom,1.77566E+18,240.015,-87,5220,[WPA2-PSK-CCMP-128][RSN-PSK-CCMP-128][ESS],5a:12:65:51:a8:59,(hidden SSID)
Classroom,1.77566E+18,240.015,-73,2437,[WPA2-PSK-CCMP-128][RSN-PSK-CCMP-128][ESS][WPS],9a:49:14:10:7a:06,thekelleys
Classroom,1.77566E+18,240.015,-81,5745,[WPA-PSK-CCMP-128+TKIP][WPA2-PSK-CCMP-128+TKIP][RSN-PSK-CCMP-128+TKIP][ESS],ae:61:a3:95:78:f7,(hidden SSID)
Classroom,1.77566E+18,240.015,-84,2462,[WPA2-PSK-CCMP-128][RSN-PSK-CCMP-128][ESS],5a:12:65:51:a8:58,(hidden SSID)
Classroom,1.77566E+18,240.015,-71,2412,[WPA2-PSK-CCMP-128][RSN-PSK-CCMP-128][ESS],6e:54:25:21:60:5e,(hidden SSID)
Classroom,1.77566E+18,240.015,-57,2412,[WPA2-PSK-CCMP-128][RSN-PSK-CCMP-128][ESS][WPS],84:17:ef:7e:8d:73,MI CASA DOS
Classroom,1.77566E+18,240.015,-62,2412,[WPA2-EAP/SHA1-CCMP-128][RSN-EAP/SHA1-CCMP-128][WPA-EAP/SHA1-CCMP-128][ESS],84:17:ef:7e:8d:78,(hidden SSID)
Classroom,1.77566E+18,240.015,-61,2412,[WPA2-PSK-CCMP-128][RSN-PSK-CCMP-128][ESS],84:17:ef:7e:8d:79,(hidden SSID)
Classroom,1.77566E+18,240.015,-81,5745,[WPA2-PSK-CCMP-128][RSN-PSK-CCMP-128][ESS][WPS],8c:61:a3:95:78:f7,Adjara
Classroom,1.77566E+18,240.015,-88,2437,[WPA2-EAP/SHA1-CCMP-128][RSN-EAP/SHA1-CCMP-128][ESS],82:da:c2:87:13:5e,(hidden SSID)
Classroom,1.77566E+18,240.015,-78,2412,[WPA2-PSK-CCMP-128][RSN-PSK-CCMP-128][ESS][WPS],3c:bd:c5:d5:db:2f,Verizon_SQ93N6
Classroom,1.77566E+18,240.015,-86,2462,[WPA2-PSK-CCMP-128][RSN-PSK-CCMP-128][ESS][WPS],58:96:71:d1:a3:22,Verizon_79K4SW
Classroom,1.77566E+18,240.015,-71,2412,[WPA2-EAP/SHA1-CCMP-128][RSN-EAP/SHA1-CCMP-128][WPA-EAP/SHA1-CCMP-128][ESS],76:54:25:21:60:5e,(hidden SSID)
Classroom,1.77566E+18,240.015,-87,2412,[ESS],d4:50:ee:35:f3:d2,midea_fa_0382
Classroom,1.77566E+18,280.0160002,-81,5240,[WPA2-PSK-CCMP-128][RSN-PSK-CCMP-128][ESS][WPS],b8:f8:53:a6:00:a0,Fios-vSG7L2.4
Classroom,1.77566E+18,280.0160002,-88,2462,[WPA2-PSK-CCMP-128][RSN-PSK-CCMP-128][ESS][WPS][MFPC],58:96:71:97:c6:b8,ATTbtDHNsS
Classroom,1.77566E+18,280.0160002,-77,5240,[WPA2-PSK-CCMP-128][RSN-PSK-CCMP-128][ESS],92:f8:53:a6:00:a2,(hidden SSID)
Classroom,1.77566E+18,280.0160002,-81,5660,[WPA2-PSK-CCMP-128][RSN-PSK-CCMP-128][ESS],8a:f8:53:a6:00:98,(hidden SSID)
Classroom,1.77566E+18,280.0160002,-82,2437,[WPA2-PSK-CCMP-128][RSN-PSK-CCMP-128][ESS][WPS],9a:49:14:10:7a:06,thekelleys
Classroom,1.77566E+18,280.0160002,-81,5660,[WPA2-PSK-CCMP-128][RSN-PSK-CCMP-128][ESS][WPS],b8:f8:53:a6:00:9f,Fios-vSG7L5.0
Classroom,1.77566E+18,280.0160002,-81,5240,[WPA2-PSK-CCMP-128][RSN-PSK-CCMP-128][ESS][MFPC],58:96:71:97:c6:c7,(hidden SSID)
Classroom,1.77566E+18,280.0160002,-87,5240,[WPA2-PSK-CCMP-128][RSN-PSK-CCMP-128][ESS][WPS],7a:f8:53:ce:51:bb,Fios-vSG7L2.4
Classroom,1.77566E+18,280.0160002,-87,5240,[WPA2-PSK-CCMP-128][RSN-PSK-CCMP-128][ESS][WPS][MFPC],58:96:71:97:c6:c0,ATTbtDHNsS
Classroom,1.77566E+18,280.0160002,-75,5280,[WPA2-PSK-CCMP-128][RSN-PSK-CCMP-128][ESS][WPS],8c:57:9b:0d:56:d3,DIRECTV_WVB_44DBD8B6
Classroom,1.77566E+18,280.0160002,-84,2412,[WPA2-PSK-CCMP-128][RSN-PSK-CCMP-128][ESS][WPS],1e:9e:cc:4d:62:c3,Agard24
Classroom,1.77566E+18,280.0160002,-89,2412,[WPA2-PSK-CCMP-128][RSN-PSK-CCMP-128][ESS][WPS],3c:bd:c5:c0:d6:89,Fios-RNxT3
Classroom,1.77566E+18,280.0160002,-81,5240,[WPA2-PSK-CCMP-128][RSN-PSK-CCMP-128][ESS],92:a2:22:de:d8:31,(hidden SSID)
Classroom,1.77566E+18,280.0160002,-81,2437,[WPA2-PSK-CCMP-128][RSN-PSK-CCMP-128][ESS][WPS],78:67:0e:76:cc:bc,Verizon_99G6SY
Classroom,1.77566E+18,280.0160002,-81,5240,[WPA2-PSK-CCMP-128][RSN-PSK-CCMP-128][ESS][WPS],92:a2:22:de:d8:32,Verizon_JB3VG6
Classroom,1.77566E+18,320.017,-81,5220,[WPA2-PSK-CCMP-128][RSN-PSK-CCMP-128][ESS],ea:38:83:53:39:f3,(hidden SSID)
Classroom,1.77566E+18,320.017,-88,2412,[ESS],48:a2:e6:e7:fb:8c,NewThermostat_E7FB8C
Classroom,1.77566E+18,320.017,-83,2437,[ESS],fa:8f:ca:74:94:47,Living Room Speaker.o 
Classroom,1.77566E+18,320.017,-81,5220,[WPA2-PSK-CCMP-128][RSN-PSK+PSK-SHA256+SAE-CCMP-128][ESS][MFPR][MFPC],e4:38:83:53:39:f3,Centerbridgestar2.4 1st Floor
Classroom,1.77566E+18,320.017,-79,2437,[WPA2-PSK-CCMP-128][RSN-PSK-CCMP-128][ESS][WPS],58:11:22:28:95:40,Asus 2.4 GHz
Classroom,1.77566E+18,320.017,-81,5785,[WPA2-PSK-CCMP-128][RSN-PSK-CCMP-128][ESS],82:da:c2:2e:16:a1,(hidden SSID)
Classroom,1.77566E+18,360.0199998,-87,5180,[WPA2-PSK-CCMP-128][RSN-PSK+SAE-CCMP-128][ESS][MFPC],18:a5:ff:8e:45:23,TMOBILE-4520
Classroom,1.77566E+18,360.0199998,-82,2412,[WPA2-EAP/SHA1-CCMP-128][RSN-EAP/SHA1-CCMP-128][ESS],0e:fe:7b:34:94:16,(hidden SSID)
Classroom,1.77566E+18,360.0199998,-77,5180,[WPA2-PSK-CCMP-128][RSN-PSK-CCMP-128][ESS][WPS][MFPC],9e:f5:5f:e4:e1:53,DIRECT-82-AndroidAP
Classroom,1.77566E+18,360.0199998,-81,5785,[ESS],dc:eb:69:0a:66:8e,xfinitywifi
Classroom,1.77566E+18,360.0199998,-87,5785,[WPA2-PSK-CCMP-128][RSN-PSK-CCMP-128][ESS][WPS],dc:eb:69:0a:66:8c,MrCigs
Classroom,1.77566E+18,360.0199998,-81,5180,[WPA2-PSK-CCMP-128][RSN-PSK-CCMP-128][ESS],68:8f:c9:c1:5e:8d,CARLINK-2163FD
Classroom,1.77566E+18,360.0199998,-81,5785,[WPA2-PSK-CCMP-128][RSN-PSK-CCMP-128][ESS],dc:eb:69:0a:66:8f,(hidden SSID)
Classroom,1.77566E+18,360.0199998,-81,5240,[WPA2-PSK-CCMP-128][RSN-PSK-CCMP-128][ESS][WPS],3c:bd:c5:30:91:fc,Fios-yH6sQ
Classroom,1.77566E+18,360.0199998,-87,5260,[WPA2-PSK-CCMP-128][RSN-PSK-CCMP-128][ESS][WPS],84:a3:29:47:96:2c,KJ Smoke Shop <3
Classroom,1.77566E+18,360.0199998,-81,5180,[WPA2-PSK-CCMP-128][RSN-PSK+SAE-CCMP-128][ESS][MFPC],18:a5:87:95:45:23,(hidden SSID)
Classroom,1.77566E+18,360.0199998,-81,5745,[WPA2-PSK-CCMP-128][RSN-PSK-CCMP-128][ESS][MFPC],0c:c0:c0:02:2a:f7,Wi-FI Hotspot 71270
Classroom,1.77566E+18,360.0199998,-81,5220,[WPA2-PSK-CCMP-128][RSN-PSK-CCMP-128][ESS][WPS],48:5d:36:ca:81:58,FiOS-B7WWR-5G
Classroom,1.77566E+18,360.0199998,-87,5500,[WPA2-PSK-CCMP-128][RSN-PSK-CCMP-128][ESS][WPS],3c:bd:c5:30:91:fb,Fios-yH6sQ
Classroom,1.77566E+18,360.0199998,-81,2437,[WPA2-PSK-CCMP-128][RSN-PSK-CCMP-128][ESS][WPS],3c:bd:c5:d2:55:1f,Verizon_L7BZTD
Classroom,1.77566E+18,360.0199998,-86,2462,[WPA2-PSK-CCMP-128][RSN-PSK-CCMP-128][ESS],00:5f:67:4f:98:68,FiOS-B7WWR_EXT
Classroom,1.77566E+18,360.0199998,-81,5785,[WPA2-PSK-CCMP-128][RSN-PSK-CCMP-128][ESS],dc:eb:69:0a:66:92,(hidden SSID)
Classroom,1.77566E+18,360.0199998,-81,5785,[WPA2-EAP/SHA1-CCMP-128][RSN-EAP/SHA1-CCMP-128][WPA-EAP/SHA1-CCMP-128][ESS],dc:eb:69:0a:66:91,(hidden SSID)
Classroom,1.77566E+18,360.0199998,-75,5240,[WPA2-PSK-CCMP-128][RSN-PSK-CCMP-128][ESS],8a:bd:c5:d2:55:22,(hidden SSID)
Classroom,1.77566E+18,360.0199998,-81,5300,[ESS],88:9c:ad:45:b0:8e,WellsFargo
Classroom,1.77566E+18,360.0199998,-81,5300,[WPA2-EAP/SHA1+FT/EAP-CCMP-128][RSN-EAP/SHA1+FT/EAP-CCMP-128][ESS],88:9c:ad:45:b0:8f,wca001
Classroom,1.77566E+18,360.0199998,-81,5240,[WPA2-PSK-CCMP-128][RSN-PSK-CCMP-128][ESS],62:bd:c5:30:91:fe,(hidden SSID)
Classroom,1.77566E+18,360.0199998,-81,5500,[WPA2-PSK-CCMP-128][RSN-PSK-CCMP-128][ESS],92:bd:c5:30:91:fc,(hidden SSID)
Classroom,1.77566E+18,360.0199998,-79,2452,[WPA2-PSK-CCMP-128][RSN-PSK-CCMP-128][ESS],04:17:b6:f1:86:96,(hidden SSID)
Classroom,1.77566E+18,360.0199998,-75,5240,[WPA2-PSK-CCMP-128][RSN-PSK-CCMP-128][ESS][WPS],8a:bd:c5:d2:55:23,Verizon_L7BZTD
Classroom,1.77566E+18,360.0199998,-80,2437,[WPA2-PSK-CCMP-128][RSN-PSK-CCMP-128][ESS][WPS],58:96:71:30:a2:3c,Verizon_HC6YJN
Classroom,1.77566E+18,360.0199998,-81,5220,[WPA2-PSK-CCMP-128][RSN-PSK-CCMP-128][ESS],4a:5d:36:ca:81:59,(hidden SSID)
Classroom,1.77566E+18,400.0199998,-87,5220,[WPA2-EAP/SHA1-CCMP-128][RSN-EAP/SHA1-CCMP-128][ESS],9a:9d:5d:da:a0:9a,(hidden SSID)
Classroom,1.77566E+18,400.0199998,-70,5220,[WPA2-PSK-CCMP-128][RSN-PSK-CCMP-128][ESS],ae:70:5d:45:5c:8c,(hidden SSID)
Classroom,1.77566E+18,400.0199998,-76,2412,[WPA2-PSK-CCMP-128][RSN-PSK-CCMP-128][ESS][WPS],c8:c7:50:f6:4f:38,MOTODA10
Classroom,1.77566E+18,400.0199998,-81,5220,[WPA2-PSK-CCMP-128][RSN-PSK-CCMP-128][ESS][WPS],9a:9d:5d:da:a0:9d,XFSETUP-A097
Classroom,1.77566E+18,400.0199998,-87,5220,[ESS],9a:9d:5d:da:a0:9f,xfinitywifi
Classroom,1.77566E+18,400.0199998,-87,2417,[WPA2-PSK-CCMP-128][RSN-PSK+SAE-CCMP-128][ESS][MFPC],94:f7:be:57:ab:ba,TMOBILE-ABB8
Classroom,1.77566E+18,400.0199998,-77,2462,[WPA2-PSK-CCMP-128][RSN-PSK-CCMP-128][ESS][WPS],78:67:0e:ba:39:c5,Fios-XKJC4
Classroom,1.77566E+18,400.0199998,-87,5180,[WPA2-PSK-CCMP-128][RSN-PSK-CCMP-128][ESS][WPS],80:cc:9c:8d:07:f8,SVUOC_Admin
Classroom,1.77566E+18,400.0199998,-76,2412,[ESS],8e:cc:9c:8d:07:f6,SVUOC_Guest
Classroom,1.77566E+18,400.0199998,-74,2462,[WPA2-PSK-CCMP-128][RSN-PSK-CCMP-128][ESS][WPS],78:67:0e:4a:25:c8,Verizon_CRJF96
Classroom,1.77566E+18,400.0199998,-81,5220,[WPA2-PSK-CCMP-128][RSN-PSK-CCMP-128][ESS],ba:98:13:f3:05:b2,(hidden SSID)
Classroom,1.77566E+18,400.0199998,-81,5765,[WPA2-PSK-CCMP-128][RSN-PSK-CCMP-128][ESS][WPS],78:67:0e:4a:25:c9,Verizon_CRJF96
Classroom,1.77566E+18,400.0199998,-81,5180,[ESS],8a:cc:9c:8d:07:f8,SVUOC_Guest
Classroom,1.77566E+18,400.0199998,-78,2462,[WPA2-EAP/SHA1-CCMP-128][RSN-EAP/SHA1-CCMP-128][ESS],b6:70:5d:45:5c:8b,(hidden SSID)
Classroom,1.77566E+18,400.0199998,-70,5220,[WPA2-EAP/SHA1-CCMP-128][RSN-EAP/SHA1-CCMP-128][ESS],b6:70:5d:45:5c:8c,(hidden SSID)
Classroom,1.77566E+18,400.0199998,-81,5220,[WPA2-PSK-CCMP-128][RSN-PSK-CCMP-128][ESS],ae:98:13:f3:05:b2,(hidden SSID)
Classroom,1.77566E+18,400.0199998,-81,5220,[ESS],aa:98:13:f3:05:b2,xfinitywifi
Classroom,1.77566E+18,400.0199998,-79,2462,[WPA2-PSK-CCMP-128][RSN-PSK-CCMP-128][ESS],82:67:0e:4a:25:c8,Verizon_CRJF96-IoT
Classroom,1.77566E+18,400.0199998,-81,5220,[WPA2-EAP/SHA1-CCMP-128][RSN-EAP/SHA1-CCMP-128][WPA-EAP/SHA1-CCMP-128][ESS],b6:98:13:f3:05:b2,(hidden SSID)
Classroom,1.77566E+18,400.0199998,-89,2437,[WPA2-PSK-CCMP-128][RSN-PSK-CCMP-128][ESS][WPS],9c:7b:ef:e5:4f:39,DIRECT-38-HP OfficeJet 3830
Classroom,1.77566E+18,400.0199998,-82,2462,[WPA2-PSK-CCMP-128][RSN-PSK-CCMP-128][ESS][WPS],a8:70:5d:45:5c:8b,B!gD^ddyP
Classroom,1.77566E+18,400.0199998,-71,5220,[WPA2-PSK-CCMP-128][RSN-PSK-CCMP-128][ESS][WPS],a8:70:5d:45:5c:8c,B!gD^ddyP
Classroom,1.77566E+18,400.0199998,-85,2437,[WPA2-PSK-CCMP-128][RSN-PSK-CCMP-128][ESS][WPS],ec:8e:b5:1a:2e:2e,DIRECT-2D-HP ENVY 7640 series
Classroom,1.77566E+18,400.0199998,-86,2432,[WPA2-PSK-CCMP-128][RSN-PSK+SAE-CCMP-128][ESS][MFPC],18:a5:a1:c0:22:3e,CSM Wifi
Classroom,1.77566E+18,400.0199998,-73,5240,[WPA2-PSK-CCMP-128][RSN-PSK-CCMP-128][ESS],f6:74:d7:06:34:62,(hidden SSID)
Classroom,1.77566E+18,400.0199998,-80,2462,[WPA2-PSK-CCMP-128][RSN-PSK-CCMP-128][ESS],ec:74:d7:06:34:61,St. Vladimir Ukrainian Orthodox
Classroom,1.77566E+18,400.0199998,-81,5220,[WPA2-PSK-CCMP-128][RSN-PSK-CCMP-128][ESS][WPS],a4:98:13:f3:05:b2,Ortiz5
Classroom,1.77566E+18,400.0199998,-73,5240,[WPA2-PSK-CCMP-128][RSN-PSK-CCMP-128][ESS],ec:74:d7:06:34:62,St. Vladimir Ukrainian Orthodox
Classroom,1.77566E+18,400.0199998,-82,2412,[WPA2-PSK-CCMP-128][RSN-PSK+SAE-CCMP-128][ESS][MFPC],f2:74:d7:06:34:39,Guest St. Vladimir Ukr Orthodox
Classroom,1.77566E+18,400.0199998,-70,5220,[ESS],aa:70:5d:45:5c:8c,xfinitywifi
Classroom,1.77566E+18,400.0199998,-72,2462,[WPA2-PSK-CCMP-128][RSN-PSK+SAE-CCMP-128][ESS][MFPC],f2:74:d7:06:34:61,Guest St. Vladimir Ukr Orthodox
Classroom,1.77566E+18,400.0199998,-73,5240,[WPA2-PSK-CCMP-128][RSN-PSK+SAE-CCMP-128][ESS][MFPC],f2:74:d7:06:34:62,Guest St. Vladimir Ukr Orthodox
Classroom,1.77566E+18,400.0199998,-88,2412,[WPA2-PSK-CCMP-128][RSN-PSK-CCMP-128][ESS],40:ca:63:b3:08:1b,[range]_E30AJT7113821K
Classroom,1.77566E+18,400.0199998,-81,2462,[WPA2-PSK-CCMP-128][RSN-PSK-CCMP-128][ESS],a6:70:5d:45:5c:8b,(hidden SSID)
Classroom,1.77566E+18,400.0199998,-70,5220,[WPA2-PSK-CCMP-128][RSN-PSK-CCMP-128][ESS],a6:70:5d:45:5c:8c,(hidden SSID)
